Vehicle_ID,Start_Frame,End_Frame,Lane_Change_Frame,Max_Displacement,Duration_Frames,From_Lane,To_Lane,Lane_Path
27,66,73,73,0.843,8,2,1,2->1
33,89,108,108,2.6459999999999972,20,2,1,2->1
75,590,597,597,1.304000000000002,8,3,2,3->2
435,3153,3189,3189,3.8069999999999986,37,3,2,3->2
450,3263,3301,3301,3.734999999999996,39,3,2,3->2
607,4302,4326,4326,3.1209999999999987,25,2,1,2->1
637,4647,4660,4660,2.2429999999999986,14,2,1,2->1
